tanb_%,prazo_meses,banco,produto,minimo,maximo,novos_clientes,novos_montantes,mobilizacao_antecipada,irs,notas,data_referencia,status,fonte_url,observacao_validacao,include_core_market,market_category,core_validation_status,exclusion_reason
3.0,3,BiG,Super Depósito,5000,50000,sim,nao,sim,nao,"+0,10% para 18-30 anos, ACP, ordens profissionais",2026-05-05,validated_initial,https://www.reddit.com/media?url=https%3A%2F%2Fpreview.redd.it%2Fdep%25C3%25B3sitos-a-prazo-com-tanb-2-00-maio-2026-v0-pf4rd8yzo4zg1.png%3Fwidth%3D937%26format%3Dpng%26auto%3Dwebp%26s%3D8cd5b05e9873f70c6814e3575c2e6da9448a8cb0,Extraído manualmente da tabela/imagem fornecida; confirmar na FIN/preçário antes de decisão real.,YES,Portuguese bank,validated,
3.0,6,CGD,Boas Vindas,250,5000,ver_notas,nao,sim,nao,"Novos clientes desde 01/09/2025 ou com conta sem saldo desde 31/12/2024. 4,95€/mês manutenção, com possibilidades de isenção ou redução por idade, domiciliação, etc.",2026-05-05,validated_initial,https://www.reddit.com/media?url=https%3A%2F%2Fpreview.redd.it%2Fdep%25C3%25B3sitos-a-prazo-com-tanb-2-00-maio-2026-v0-pf4rd8yzo4zg1.png%3Fwidth%3D937%26format%3Dpng%26auto%3Dwebp%26s%3D8cd5b05e9873f70c6814e3575c2e6da9448a8cb0,Extraído manualmente da tabela/imagem fornecida; confirmar na FIN/preçário antes de decisão real.,YES,Portuguese bank,validated,
2.75,3,BPG,Start,2500,100000,nao,nao,nao,nao,Juros no início. Limitado a uma subscrição,2026-05-05,validated_initial,https://www.reddit.com/media?url=https%3A%2F%2Fpreview.redd.it%2Fdep%25C3%25B3sitos-a-prazo-com-tanb-2-00-maio-2026-v0-pf4rd8yzo4zg1.png%3Fwidth%3D937%26format%3Dpng%26auto%3Dwebp%26s%3D8cd5b05e9873f70c6814e3575c2e6da9448a8cb0,Extraído manualmente da tabela/imagem fornecida; confirmar na FIN/preçário antes de decisão real.,YES,Portuguese bank,validated,
2.6,3,Haitong Bank,Depósito a prazo,,,nao,nao,ver_notas,nao,"2,55% com mobilização antecipada. +0,05% ou +0,10% para subscritores Proteste. 50€/ano manutenção se < 5 000€",2026-05-05,validated_initial,https://www.reddit.com/media?url=https%3A%2F%2Fpreview.redd.it%2Fdep%25C3%25B3sitos-a-prazo-com-tanb-2-00-maio-2026-v0-pf4rd8yzo4zg1.png%3Fwidth%3D937%26format%3Dpng%26auto%3Dwebp%26s%3D8cd5b05e9873f70c6814e3575c2e6da9448a8cb0,Extraído manualmente da tabela/imagem fornecida; confirmar na FIN/preçário antes de decisão real.,YES,Needs review - confirm retail deposit/presence PT,review,
2.6,6,Haitong Bank,Depósito a prazo,,,nao,nao,ver_notas,nao,"2,55% com mobilização antecipada. +0,05% ou +0,10% para subscritores Proteste. 50€/ano manutenção se < 5 000€",2026-05-05,validated_initial,https://www.reddit.com/media?url=https%3A%2F%2Fpreview.redd.it%2Fdep%25C3%25B3sitos-a-prazo-com-tanb-2-00-maio-2026-v0-pf4rd8yzo4zg1.png%3Fwidth%3D937%26format%3Dpng%26auto%3Dwebp%26s%3D8cd5b05e9873f70c6814e3575c2e6da9448a8cb0,Extraído manualmente da tabela/imagem fornecida; confirmar na FIN/preçário antes de decisão real.,YES,Needs review - confirm retail deposit/presence PT,review,
2.55,12,Finantia,Jump,50000,500000,nao,sim,nao,nao,Juros semestrais,2026-05-05,validated_initial,https://www.reddit.com/media?url=https%3A%2F%2Fpreview.redd.it%2Fdep%25C3%25B3sitos-a-prazo-com-tanb-2-00-maio-2026-v0-pf4rd8yzo4zg1.png%3Fwidth%3D937%26format%3Dpng%26auto%3Dwebp%26s%3D8cd5b05e9873f70c6814e3575c2e6da9448a8cb0,Extraído manualmente da tabela/imagem fornecida; confirmar na FIN/preçário antes de decisão real.,YES,Portuguese bank,validated,
2.55,24,Finantia,Visão,50000,500000,nao,sim,sim,nao,"Opção de juros semestrais, com mobilização antecipada só no final de cada semestre",2026-05-05,validated_initial,https://www.reddit.com/media?url=https%3A%2F%2Fpreview.redd.it%2Fdep%25C3%25B3sitos-a-prazo-com-tanb-2-00-maio-2026-v0-pf4rd8yzo4zg1.png%3Fwidth%3D937%26format%3Dpng%26auto%3Dwebp%26s%3D8cd5b05e9873f70c6814e3575c2e6da9448a8cb0,Extraído manualmente da tabela/imagem fornecida; confirmar na FIN/preçário antes de decisão real.,YES,Portuguese bank,validated,
2.5,3,Best,Novos Clientes,500,75000,sim,nao,sim,nao,,2026-05-05,validated_initial,https://www.reddit.com/media?url=https%3A%2F%2Fpreview.redd.it%2Fdep%25C3%25B3sitos-a-prazo-com-tanb-2-00-maio-2026-v0-pf4rd8yzo4zg1.png%3Fwidth%3D937%26format%3Dpng%26auto%3Dwebp%26s%3D8cd5b05e9873f70c6814e3575c2e6da9448a8cb0,Extraído manualmente da tabela/imagem fornecida; confirmar na FIN/preçário antes de decisão real.,YES,Portuguese digital/national bank,validated,
2.5,3,Carregosa,Bem-Vindo,25000,100000,sim,nao,sim,nao,,2026-05-05,validated_initial,https://www.reddit.com/media?url=https%3A%2F%2Fpreview.redd.it%2Fdep%25C3%25B3sitos-a-prazo-com-tanb-2-00-maio-2026-v0-pf4rd8yzo4zg1.png%3Fwidth%3D937%26format%3Dpng%26auto%3Dwebp%26s%3D8cd5b05e9873f70c6814e3575c2e6da9448a8cb0,Extraído manualmente da tabela/imagem fornecida; confirmar na FIN/preçário antes de decisão real.,YES,Portuguese bank,validated,
2.5,3,Carregosa,Welcome Boost,1000,150000,sim,nao,sim,nao,"Canal NextGen, para até 30 anos",2026-05-05,validated_initial,https://www.reddit.com/media?url=https%3A%2F%2Fpreview.redd.it%2Fdep%25C3%25B3sitos-a-prazo-com-tanb-2-00-maio-2026-v0-pf4rd8yzo4zg1.png%3Fwidth%3D937%26format%3Dpng%26auto%3Dwebp%26s%3D8cd5b05e9873f70c6814e3575c2e6da9448a8cb0,Extraído manualmente da tabela/imagem fornecida; confirmar na FIN/preçário antes de decisão real.,YES,Portuguese bank,validated,
2.5,3,Invest,Choice Novos Montantes,2000,150000,nao,sim,sim,nao,"7,50€/trimestre manutenção se < 5 000€ e sem movimentos há 12 meses. Limitado a 150 000€ em depósitos de novos montantes",2026-05-05,validated_initial,https://www.reddit.com/media?url=https%3A%2F%2Fpreview.redd.it%2Fdep%25C3%25B3sitos-a-prazo-com-tanb-2-00-maio-2026-v0-pf4rd8yzo4zg1.png%3Fwidth%3D937%26format%3Dpng%26auto%3Dwebp%26s%3D8cd5b05e9873f70c6814e3575c2e6da9448a8cb0,Extraído manualmente da tabela/imagem fornecida; confirmar na FIN/preçário antes de decisão real.,YES,Portuguese bank,validated,
2.5,3,Atlântico,Global Living,2500,100000,nao,sim,sim,nao,"4,99€/mês manutenção",2026-05-05,validated_initial,https://www.reddit.com/media?url=https%3A%2F%2Fpreview.redd.it%2Fdep%25C3%25B3sitos-a-prazo-com-tanb-2-00-maio-2026-v0-pf4rd8yzo4zg1.png%3Fwidth%3D937%26format%3Dpng%26auto%3Dwebp%26s%3D8cd5b05e9873f70c6814e3575c2e6da9448a8cb0,Extraído manualmente da tabela/imagem fornecida; confirmar na FIN/preçário antes de decisão real.,YES,Portuguese market bank,validated,
2.5,3,BiG,Super Depósito,1000,50000,sim,nao,sim,nao,"+0,10% para ACP e ordens profissionais",2026-05-05,validated_initial,https://www.reddit.com/media?url=https%3A%2F%2Fpreview.redd.it%2Fdep%25C3%25B3sitos-a-prazo-com-tanb-2-00-maio-2026-v0-pf4rd8yzo4zg1.png%3Fwidth%3D937%26format%3Dpng%26auto%3Dwebp%26s%3D8cd5b05e9873f70c6814e3575c2e6da9448a8cb0,Extraído manualmente da tabela/imagem fornecida; confirmar na FIN/preçário antes de decisão real.,YES,Portuguese bank,validated,
2.5,6,Finantia,Jump,50000,500000,nao,sim,nao,nao,,2026-05-05,validated_initial,https://www.reddit.com/media?url=https%3A%2F%2Fpreview.redd.it%2Fdep%25C3%25B3sitos-a-prazo-com-tanb-2-00-maio-2026-v0-pf4rd8yzo4zg1.png%3Fwidth%3D937%26format%3Dpng%26auto%3Dwebp%26s%3D8cd5b05e9873f70c6814e3575c2e6da9448a8cb0,Extraído manualmente da tabela/imagem fornecida; confirmar na FIN/preçário antes de decisão real.,YES,Portuguese bank,validated,
2.5,6,Invest,Choice Novos Montantes,2000,150000,nao,sim,sim,nao,"7,50€/trimestre manutenção se < 5 000€ e sem movimentos há 12 meses. Limitado a 150 000€ em depósitos de novos montantes",2026-05-05,validated_initial,https://www.reddit.com/media?url=https%3A%2F%2Fpreview.redd.it%2Fdep%25C3%25B3sitos-a-prazo-com-tanb-2-00-maio-2026-v0-pf4rd8yzo4zg1.png%3Fwidth%3D937%26format%3Dpng%26auto%3Dwebp%26s%3D8cd5b05e9873f70c6814e3575c2e6da9448a8cb0,Extraído manualmente da tabela/imagem fornecida; confirmar na FIN/preçário antes de decisão real.,YES,Portuguese bank,validated,
2.5,6,Openbank,Novos Clientes Tri,1,,sim,nao,sim,sim,Juros trimestrais,2026-05-05,validated_initial,https://www.reddit.com/media?url=https%3A%2F%2Fpreview.redd.it%2Fdep%25C3%25B3sitos-a-prazo-com-tanb-2-00-maio-2026-v0-pf4rd8yzo4zg1.png%3Fwidth%3D937%26format%3Dpng%26auto%3Dwebp%26s%3D8cd5b05e9873f70c6814e3575c2e6da9448a8cb0,Extraído manualmente da tabela/imagem fornecida; confirmar na FIN/preçário antes de decisão real.,YES,Strategic exception - online bank active in Portugal,validated,
2.5,24,Bison Bank,Rendimento Premium,25000,250000,nao,sim,sim,nao,,2026-05-05,validated_initial,https://www.reddit.com/media?url=https%3A%2F%2Fpreview.redd.it%2Fdep%25C3%25B3sitos-a-prazo-com-tanb-2-00-maio-2026-v0-pf4rd8yzo4zg1.png%3Fwidth%3D937%26format%3Dpng%26auto%3Dwebp%26s%3D8cd5b05e9873f70c6814e3575c2e6da9448a8cb0,Extraído manualmente da tabela/imagem fornecida; confirmar na FIN/preçário antes de decisão real.,YES,Portuguese market bank,validated,
2.4,6,BAI Europa,Depósito a prazo,1000,10000000,nao,nao,nao,nao,"2,10% com mobilização antecipada",2026-05-05,validated_initial,https://www.reddit.com/media?url=https%3A%2F%2Fpreview.redd.it%2Fdep%25C3%25B3sitos-a-prazo-com-tanb-2-00-maio-2026-v0-pf4rd8yzo4zg1.png%3Fwidth%3D937%26format%3Dpng%26auto%3Dwebp%26s%3D8cd5b05e9873f70c6814e3575c2e6da9448a8cb0,Extraído manualmente da tabela/imagem fornecida; confirmar na FIN/preçário antes de decisão real.,YES,Portuguese market bank,validated,
2.4,6,BAI Europa,Novos Clientes,2500,10000000,sim,nao,nao,nao,"+0,05% ou +0,10% para subscritores Proteste",2026-05-05,validated_initial,https://www.reddit.com/media?url=https%3A%2F%2Fpreview.redd.it%2Fdep%25C3%25B3sitos-a-prazo-com-tanb-2-00-maio-2026-v0-pf4rd8yzo4zg1.png%3Fwidth%3D937%26format%3Dpng%26auto%3Dwebp%26s%3D8cd5b05e9873f70c6814e3575c2e6da9448a8cb0,Extraído manualmente da tabela/imagem fornecida; confirmar na FIN/preçário antes de decisão real.,YES,Portuguese market bank,validated,
2.4,9,BPG,Save,5000,250000,nao,nao,nao,nao,Juros trimestrais com opção de capitalização,2026-05-05,validated_initial,https://www.reddit.com/media?url=https%3A%2F%2Fpreview.redd.it%2Fdep%25C3%25B3sitos-a-prazo-com-tanb-2-00-maio-2026-v0-pf4rd8yzo4zg1.png%3Fwidth%3D937%26format%3Dpng%26auto%3Dwebp%26s%3D8cd5b05e9873f70c6814e3575c2e6da9448a8cb0,Extraído manualmente da tabela/imagem fornecida; confirmar na FIN/preçário antes de decisão real.,YES,Portuguese bank,validated,
2.4,12,Haitong Bank,Depósito a prazo,,,nao,nao,ver_notas,nao,"2,30% com mobilização antecipada. +0,05% ou +0,10% para subscritores Proteste. 50€/ano manutenção se < 5 000€",2026-05-05,validated_initial,https://www.reddit.com/media?url=https%3A%2F%2Fpreview.redd.it%2Fdep%25C3%25B3sitos-a-prazo-com-tanb-2-00-maio-2026-v0-pf4rd8yzo4zg1.png%3Fwidth%3D937%26format%3Dpng%26auto%3Dwebp%26s%3D8cd5b05e9873f70c6814e3575c2e6da9448a8cb0,Extraído manualmente da tabela/imagem fornecida; confirmar na FIN/preçário antes de decisão real.,YES,Needs review - confirm retail deposit/presence PT,review,
2.33,36,ActivoBank,Depósito crescente,5000,,nao,nao,sim,nao,"1,50%, 2,00%, 3,50% no primeiro, segundo, terceiro ano. Juros anuais com possibilidade de capitalização",2026-05-05,validated_initial,https://www.reddit.com/media?url=https%3A%2F%2Fpreview.redd.it%2Fdep%25C3%25B3sitos-a-prazo-com-tanb-2-00-maio-2026-v0-pf4rd8yzo4zg1.png%3Fwidth%3D937%26format%3Dpng%26auto%3Dwebp%26s%3D8cd5b05e9873f70c6814e3575c2e6da9448a8cb0,Extraído manualmente da tabela/imagem fornecida; confirmar na FIN/preçário antes de decisão real.,YES,Portuguese digital/national bank,validated,
2.3,3,BAI Europa,Depósito a prazo,1000,10000000,nao,nao,nao,nao,"2,00% com mobilização antecipada",2026-05-05,validated_initial,https://www.reddit.com/media?url=https%3A%2F%2Fpreview.redd.it%2Fdep%25C3%25B3sitos-a-prazo-com-tanb-2-00-maio-2026-v0-pf4rd8yzo4zg1.png%3Fwidth%3D937%26format%3Dpng%26auto%3Dwebp%26s%3D8cd5b05e9873f70c6814e3575c2e6da9448a8cb0,Extraído manualmente da tabela/imagem fornecida; confirmar na FIN/preçário antes de decisão real.,YES,Portuguese market bank,validated,
2.3,3,BAI Europa,Novos Clientes,2500,10000000,sim,nao,nao,nao,,2026-05-05,validated_initial,https://www.reddit.com/media?url=https%3A%2F%2Fpreview.redd.it%2Fdep%25C3%25B3sitos-a-prazo-com-tanb-2-00-maio-2026-v0-pf4rd8yzo4zg1.png%3Fwidth%3D937%26format%3Dpng%26auto%3Dwebp%26s%3D8cd5b05e9873f70c6814e3575c2e6da9448a8cb0,Extraído manualmente da tabela/imagem fornecida; confirmar na FIN/preçário antes de decisão real.,YES,Portuguese market bank,validated,
2.3,6,Finantia,Rendimento,50000,500000,nao,nao,ver_notas,nao,"2,00% com mobilização antecipada",2026-05-05,validated_initial,https://www.reddit.com/media?url=https%3A%2F%2Fpreview.redd.it%2Fdep%25C3%25B3sitos-a-prazo-com-tanb-2-00-maio-2026-v0-pf4rd8yzo4zg1.png%3Fwidth%3D937%26format%3Dpng%26auto%3Dwebp%26s%3D8cd5b05e9873f70c6814e3575c2e6da9448a8cb0,Extraído manualmente da tabela/imagem fornecida; confirmar na FIN/preçário antes de decisão real.,YES,Portuguese bank,validated,
2.3,12,Finantia,Rendimento,50000,500000,nao,nao,ver_notas,nao,"Juros semestrais. 2,05% com mobilização antecipada",2026-05-05,validated_initial,https://www.reddit.com/media?url=https%3A%2F%2Fpreview.redd.it%2Fdep%25C3%25B3sitos-a-prazo-com-tanb-2-00-maio-2026-v0-pf4rd8yzo4zg1.png%3Fwidth%3D937%26format%3Dpng%26auto%3Dwebp%26s%3D8cd5b05e9873f70c6814e3575c2e6da9448a8cb0,Extraído manualmente da tabela/imagem fornecida; confirmar na FIN/preçário antes de decisão real.,YES,Portuguese bank,validated,
2.3,24,Finantia,Rendimento,50000,500000,nao,nao,ver_notas,nao,Juros semestrais,2026-05-05,validated_initial,https://www.reddit.com/media?url=https%3A%2F%2Fpreview.redd.it%2Fdep%25C3%25B3sitos-a-prazo-com-tanb-2-00-maio-2026-v0-pf4rd8yzo4zg1.png%3Fwidth%3D937%26format%3Dpng%26auto%3Dwebp%26s%3D8cd5b05e9873f70c6814e3575c2e6da9448a8cb0,Extraído manualmente da tabela/imagem fornecida; confirmar na FIN/preçário antes de decisão real.,YES,Portuguese bank,validated,
2.3,24,Haitong Bank,Depósito a prazo,,,nao,nao,ver_notas,nao,"2,20% com mobilização antecipada. 50€/ano manutenção se < 5 000€",2026-05-05,validated_initial,https://www.reddit.com/media?url=https%3A%2F%2Fpreview.redd.it%2Fdep%25C3%25B3sitos-a-prazo-com-tanb-2-00-maio-2026-v0-pf4rd8yzo4zg1.png%3Fwidth%3D937%26format%3Dpng%26auto%3Dwebp%26s%3D8cd5b05e9873f70c6814e3575c2e6da9448a8cb0,Extraído manualmente da tabela/imagem fornecida; confirmar na FIN/preçário antes de decisão real.,YES,Needs review - confirm retail deposit/presence PT,review,
2.25,3,Bankinter,Net Boas Vindas,1000,100000,sim,nao,sim,nao,,2026-05-05,validated_initial,https://www.reddit.com/media?url=https%3A%2F%2Fpreview.redd.it%2Fdep%25C3%25B3sitos-a-prazo-com-tanb-2-00-maio-2026-v0-pf4rd8yzo4zg1.png%3Fwidth%3D937%26format%3Dpng%26auto%3Dwebp%26s%3D8cd5b05e9873f70c6814e3575c2e6da9448a8cb0,Extraído manualmente da tabela/imagem fornecida; confirmar na FIN/preçário antes de decisão real.,YES,Foreign bank with physical branch in Portugal,validated,
2.25,3,BiG,ON,5000,250000,nao,sim,sim,nao,"Exclusivo app, até 29/05/2026",2026-05-05,validated_initial,https://www.reddit.com/media?url=https%3A%2F%2Fpreview.redd.it%2Fdep%25C3%25B3sitos-a-prazo-com-tanb-2-00-maio-2026-v0-pf4rd8yzo4zg1.png%3Fwidth%3D937%26format%3Dpng%26auto%3Dwebp%26s%3D8cd5b05e9873f70c6814e3575c2e6da9448a8cb0,Extraído manualmente da tabela/imagem fornecida; confirmar na FIN/preçário antes de decisão real.,YES,Portuguese bank,validated,
2.25,6,Banco CTT,Novos Montantes,5000,100000,nao,sim,sim,nao,,2026-05-05,validated_initial,https://www.reddit.com/media?url=https%3A%2F%2Fpreview.redd.it%2Fdep%25C3%25B3sitos-a-prazo-com-tanb-2-00-maio-2026-v0-pf4rd8yzo4zg1.png%3Fwidth%3D937%26format%3Dpng%26auto%3Dwebp%26s%3D8cd5b05e9873f70c6814e3575c2e6da9448a8cb0,Extraído manualmente da tabela/imagem fornecida; confirmar na FIN/preçário antes de decisão real.,YES,Portuguese bank with physical presence,validated,
2.25,12,Bison Bank,Rendimento Premium,25000,250000,nao,sim,sim,nao,,2026-05-05,validated_initial,https://www.reddit.com/media?url=https%3A%2F%2Fpreview.redd.it%2Fdep%25C3%25B3sitos-a-prazo-com-tanb-2-00-maio-2026-v0-pf4rd8yzo4zg1.png%3Fwidth%3D937%26format%3Dpng%26auto%3Dwebp%26s%3D8cd5b05e9873f70c6814e3575c2e6da9448a8cb0,Extraído manualmente da tabela/imagem fornecida; confirmar na FIN/preçário antes de decisão real.,YES,Portuguese market bank,validated,
2.25,24,BNI Europa,Depósito a prazo,2500,,nao,nao,ver_notas,nao,"2,20% com juros mensais. 2,10% com mobilização antecipada. 2,50€/mês manutenção se < 5 000€",2026-05-05,validated_initial,https://www.reddit.com/media?url=https%3A%2F%2Fpreview.redd.it%2Fdep%25C3%25B3sitos-a-prazo-com-tanb-2-00-maio-2026-v0-pf4rd8yzo4zg1.png%3Fwidth%3D937%26format%3Dpng%26auto%3Dwebp%26s%3D8cd5b05e9873f70c6814e3575c2e6da9448a8cb0,Extraído manualmente da tabela/imagem fornecida; confirmar na FIN/preçário antes de decisão real.,YES,Needs review - confirm current framework,review,
2.25,36,BNI Europa,Depósito a prazo,2500,,nao,nao,ver_notas,nao,"2,20% com juros mensais. 2,00% com mobilização antecipada. 2,50€/mês manutenção se < 5 000€",2026-05-05,validated_initial,https://www.reddit.com/media?url=https%3A%2F%2Fpreview.redd.it%2Fdep%25C3%25B3sitos-a-prazo-com-tanb-2-00-maio-2026-v0-pf4rd8yzo4zg1.png%3Fwidth%3D937%26format%3Dpng%26auto%3Dwebp%26s%3D8cd5b05e9873f70c6814e3575c2e6da9448a8cb0,Extraído manualmente da tabela/imagem fornecida; confirmar na FIN/preçário antes de decisão real.,YES,Needs review - confirm current framework,review,
2.25,48,BNI Europa,Depósito a prazo,2500,,nao,nao,ver_notas,nao,"2,20% com juros mensais. 2,00% com mobilização antecipada. 2,50€/mês manutenção se < 5 000€",2026-05-05,validated_initial,https://www.reddit.com/media?url=https%3A%2F%2Fpreview.redd.it%2Fdep%25C3%25B3sitos-a-prazo-com-tanb-2-00-maio-2026-v0-pf4rd8yzo4zg1.png%3Fwidth%3D937%26format%3Dpng%26auto%3Dwebp%26s%3D8cd5b05e9873f70c6814e3575c2e6da9448a8cb0,Extraído manualmente da tabela/imagem fornecida; confirmar na FIN/preçário antes de decisão real.,YES,Needs review - confirm current framework,review,
2.25,60,BNI Europa,Depósito a prazo,2500,,nao,nao,ver_notas,nao,"2,20% com juros mensais. 2,00% com mobilização antecipada. 2,50€/mês manutenção se < 5 000€",2026-05-05,validated_initial,https://www.reddit.com/media?url=https%3A%2F%2Fpreview.redd.it%2Fdep%25C3%25B3sitos-a-prazo-com-tanb-2-00-maio-2026-v0-pf4rd8yzo4zg1.png%3Fwidth%3D937%26format%3Dpng%26auto%3Dwebp%26s%3D8cd5b05e9873f70c6814e3575c2e6da9448a8cb0,Extraído manualmente da tabela/imagem fornecida; confirmar na FIN/preçário antes de decisão real.,YES,Needs review - confirm current framework,review,
2.2,12,BNI Europa,Depósito a prazo,2500,,nao,nao,ver_notas,nao,"2,15% com juros mensais. 2,00% com mobilização antecipada. 2,50€/mês manutenção se < 5 000€",2026-05-05,validated_initial,https://www.reddit.com/media?url=https%3A%2F%2Fpreview.redd.it%2Fdep%25C3%25B3sitos-a-prazo-com-tanb-2-00-maio-2026-v0-pf4rd8yzo4zg1.png%3Fwidth%3D937%26format%3Dpng%26auto%3Dwebp%26s%3D8cd5b05e9873f70c6814e3575c2e6da9448a8cb0,Extraído manualmente da tabela/imagem fornecida; confirmar na FIN/preçário antes de decisão real.,YES,Needs review - confirm current framework,review,
2.15,3,Bankinter,TOP Premier,50000,500000,nao,sim,sim,nao,,2026-05-05,validated_initial,https://www.reddit.com/media?url=https%3A%2F%2Fpreview.redd.it%2Fdep%25C3%25B3sitos-a-prazo-com-tanb-2-00-maio-2026-v0-pf4rd8yzo4zg1.png%3Fwidth%3D937%26format%3Dpng%26auto%3Dwebp%26s%3D8cd5b05e9873f70c6814e3575c2e6da9448a8cb0,Extraído manualmente da tabela/imagem fornecida; confirmar na FIN/preçário antes de decisão real.,YES,Foreign bank with physical branch in Portugal,validated,
2.15,12,BAI Europa,Premium,2500,10000000,nao,nao,sim,nao,"+0,05% ou +0,10% para subscritores Proteste",2026-05-05,validated_initial,https://www.reddit.com/media?url=https%3A%2F%2Fpreview.redd.it%2Fdep%25C3%25B3sitos-a-prazo-com-tanb-2-00-maio-2026-v0-pf4rd8yzo4zg1.png%3Fwidth%3D937%26format%3Dpng%26auto%3Dwebp%26s%3D8cd5b05e9873f70c6814e3575c2e6da9448a8cb0,Extraído manualmente da tabela/imagem fornecida; confirmar na FIN/preçário antes de decisão real.,YES,Portuguese market bank,validated,
2.15,12,BPG,Valor,5000,750000,nao,nao,sim,nao,,2026-05-05,validated_initial,https://www.reddit.com/media?url=https%3A%2F%2Fpreview.redd.it%2Fdep%25C3%25B3sitos-a-prazo-com-tanb-2-00-maio-2026-v0-pf4rd8yzo4zg1.png%3Fwidth%3D937%26format%3Dpng%26auto%3Dwebp%26s%3D8cd5b05e9873f70c6814e3575c2e6da9448a8cb0,Extraído manualmente da tabela/imagem fornecida; confirmar na FIN/preçário antes de decisão real.,YES,Portuguese bank,validated,
2.1,6,BNI Europa,Depósito a prazo,2500,,nao,nao,ver_notas,nao,"2,05% com juros mensais. 1,95% com mobilização antecipada. 2,50€/mês manutenção se < 5 000€",2026-05-05,validated_initial,https://www.reddit.com/media?url=https%3A%2F%2Fpreview.redd.it%2Fdep%25C3%25B3sitos-a-prazo-com-tanb-2-00-maio-2026-v0-pf4rd8yzo4zg1.png%3Fwidth%3D937%26format%3Dpng%26auto%3Dwebp%26s%3D8cd5b05e9873f70c6814e3575c2e6da9448a8cb0,Extraído manualmente da tabela/imagem fornecida; confirmar na FIN/preçário antes de decisão real.,YES,Needs review - confirm current framework,review,
2.1,24,BAI Europa,Premium,2500,10000000,nao,nao,sim,nao,,2026-05-05,validated_initial,https://www.reddit.com/media?url=https%3A%2F%2Fpreview.redd.it%2Fdep%25C3%25B3sitos-a-prazo-com-tanb-2-00-maio-2026-v0-pf4rd8yzo4zg1.png%3Fwidth%3D937%26format%3Dpng%26auto%3Dwebp%26s%3D8cd5b05e9873f70c6814e3575c2e6da9448a8cb0,Extraído manualmente da tabela/imagem fornecida; confirmar na FIN/preçário antes de decisão real.,YES,Portuguese market bank,validated,
2.05,6,BPG,Valor,5000,750000,nao,nao,sim,nao,,2026-05-05,validated_initial,https://www.reddit.com/media?url=https%3A%2F%2Fpreview.redd.it%2Fdep%25C3%25B3sitos-a-prazo-com-tanb-2-00-maio-2026-v0-pf4rd8yzo4zg1.png%3Fwidth%3D937%26format%3Dpng%26auto%3Dwebp%26s%3D8cd5b05e9873f70c6814e3575c2e6da9448a8cb0,Extraído manualmente da tabela/imagem fornecida; confirmar na FIN/preçário antes de decisão real.,YES,Portuguese bank,validated,
