Banco,Produto,Tipo Fonte,URL,Campo a validar,Estado auditoria,Ativo,Notas auditoria
Banco BAI Europa,Depósito a Prazo Premium,FIN/PDF,https://depositoaprazo.bancobaieuropa.pt/wp-content/uploads/2026/02/FIN_DP_Particulares_Premium_022026.pdf,TANB;Prazo;Mínimo;Máximo;Mobilização;Renovação,Validado,Sim,FIN oficial validada. Premium: 12M 2,15%; 24M 2,10%; mínimo 2500; máximo 10000000; mobilização permitida com penalização de 50% dos juros.
Banco BAI Europa,Depósito a Prazo Premium,Página comercial,https://depositoaprazo.bancobaieuropa.pt/,TANB;Prazo;Mínimo;Máximo;Mobilização,Validado,Sim,Página comercial oficial validada. Usar como fonte secundária; FIN deve prevalecer.
Banco BAI Europa,Depósito a Prazo Novos Clientes,FIN/PDF,https://depositoaprazo.bancobaieuropa.pt/wp-content/uploads/2026/03/FIN_DP_Particulares_Novos_Clientes_0302026.pdf,TANB;Prazo;Mínimo;Máximo;Novos clientes;Mobilização;Renovação,Validado,Sim,FIN oficial validada. Novos Clientes: 3M 2,30%; 6M 2,40%; mínimo 2500; máximo 10000000; não mobilizável; não renovável.
ActivoBank,Depósito a Prazo Novos Clientes AB,Página oficial,https://www.activobank.pt/depositos-prazo-dinheiro-novo,TANB;Prazo;Mínimo;Máximo;Novos clientes;Mobilização,Validado com nota,Sim,Link oficial validado. Atenção: página mostra Novos Clientes AB com 60 dias, TANB 2,00%, mínimo 500 e máximo 100000. Confirmar se o dataset não tem 90 dias por engano.
ActivoBank,Preçário - Depósitos a Prazo,Preçário/PDF,https://www.activobank.pt/PDF/PRECARIO_Aviso_8_2009.pdf,TANB;Prazo;Mínimo;Condições gerais;Mobilização,Validado,Sim,Preçário oficial validado. Usar como fonte de controlo para Novos Clientes AB e Dinheiro Novo AB.
ActivoBank,Depósito Dinheiro Novo AB,Preçário/PDF,https://www.activobank.pt/PDF/PRECARIO_Aviso_8_2009.pdf,TANB;Prazo;Mínimo;Condições gerais,Validado,Sim,Preçário confirma Dinheiro Novo AB: 90 dias; TANB 2,00%; mínimo 10000. Produto distinto de Novos Clientes AB.
Banco Best,Depósito a Prazo Novos Clientes,Página oficial,https://www.bancobest.pt/ptg/best_deposito-prazo-novos-clientes,TANB;Prazo;Mínimo;Máximo;Novos clientes;Mobilização,Parcialmente validado,Sim,Página oficial encontrada, mas nesta ronda não auditei FIN/PDF. Manter como parcial até validar ficha/condições gerais.
Banco BIG,Super Depósito 3 Meses,Página oficial,https://www.big.pt/TaxasDepositos/TodosDepositos/Details/PTDP2025074,TANB;Prazo;Mínimo;Máximo;Novos clientes;Novos recursos;Mobilização,Validado,Sim,Página direta oficial validada. 3M; TANB 3,00%; mínimo 5000; máximo 50000; novos clientes com novos recursos; mobilização total com penalização de 85% dos juros.
Banco BIG,Super Depósito 3 Meses,FIN/PDF,https://www.big.pt/TaxasDepositos/DepositosPrazo/FIN?DepositCode=PTDP2025074,TANB;Prazo;Mínimo;Máximo;Novos clientes;Novos recursos;Mobilização,Validado parcial,Sim,FIN oficial abre, mas extração textual ficou incompleta. Usar página direta como fonte principal e FIN como controlo visual/manual.
Banco BIG,Depósitos a Prazo,Página geral,https://www.big.pt/TaxasDepositos/DepositosPrazo,TANB;Prazo;Mínimo;Máximo;FIN,Validado,Sim,Listagem geral oficial validada. Confirma Super Depósito 3 Meses e outros depósitos EUR.
Banco Invest,Invest Choice Novos Montantes,FIN/PDF,https://www.bancoinvest.pt/docs/default-source/aplicacoesprazo/invest_choice_novos_depositos_20260417.pdf,TANB;Prazo;Mínimo;Máximo;Novos montantes;Mobilização;Renovação,Validado,Sim,FIN oficial validada. 3M/6M; TANB 2,50%; mínimo 2000; máximo 150000; novos montantes; mobilização possível com penalização de 100% dos juros; não renovável.
Banco Invest,Aplicações a Prazo,Página oficial,https://www.bancoinvest.pt/poupanca-e-investimento/depositos/aplicacoes-a-prazo,TANB;Prazo;Mínimo;Máximo;Mobilização,Validado parcial,Sim,Página oficial encontrada, mas não substitui FIN. Usar como página índice.
Banco Invest,Invest Depósito a Prazo,FIN/PDF,https://www.bancoinvest.pt/docs/default-source/aplicacoesprazo/invest_deposito_a_prazo_20260109.pdf,TANB;Prazo;Mínimo;Máximo;Mobilização,Por auditar,Sim,Não marcar como validado total até abrir e comparar a FIN.
Banco Invest,Folheto de Taxas de Juro,Preçário/PDF,https://bancoinvest.pt/docs/default-source/precario/folheto-taxas-juro.pdf?040824=,TANB;Prazo;Mínimo;Máximo;Condições gerais,Por auditar,Sim,Não marcar como validado total até abrir e comparar o folheto.
